<?xml version="1.0" encoding="UTF-8"?>
<project-private xmlns="http://www.netbeans.org/ns/project-private/1">
    <editor-bookmarks xmlns="http://www.netbeans.org/ns/editor-bookmarks/2" lastBookmarkId="0"/>
    <open-files xmlns="http://www.netbeans.org/ns/projectui-open-files/2">
        <group>
            <file>file:/C:/Users/ercel/OneDrive%20-%20Fatih%20Sultan%20Mehmet%20Vakıf%20Üniversitesi/Belgeler/NetBeansProjects/StockTakipSystem/src/stocktakipsystem/HomeForm.java</file>
            <file>file:/C:/Users/ercel/OneDrive%20-%20Fatih%20Sultan%20Mehmet%20Vakıf%20Üniversitesi/Belgeler/NetBeansProjects/StockTakipSystem/src/stocktakipsystem/Customer.java</file>
            <file>file:/C:/Users/ercel/OneDrive%20-%20Fatih%20Sultan%20Mehmet%20Vakıf%20Üniversitesi/Belgeler/NetBeansProjects/StockTakipSystem/src/stocktakipsystem/MainP.java</file>
            <file>file:/C:/Users/ercel/OneDrive%20-%20Fatih%20Sultan%20Mehmet%20Vakıf%20Üniversitesi/Belgeler/NetBeansProjects/StockTakipSystem/src/stocktakipsystem/login.java</file>
            <file>file:/C:/Users/ercel/OneDrive%20-%20Fatih%20Sultan%20Mehmet%20Vakıf%20Üniversitesi/Belgeler/NetBeansProjects/StockTakipSystem/src/stocktakipsystem/Order.java</file>
            <file>file:/C:/Users/ercel/OneDrive%20-%20Fatih%20Sultan%20Mehmet%20Vakıf%20Üniversitesi/Belgeler/NetBeansProjects/StockTakipSystem/src/stocktakipsystem/User.java</file>
            <file>file:/C:/Users/ercel/OneDrive%20-%20Fatih%20Sultan%20Mehmet%20Vakıf%20Üniversitesi/Belgeler/NetBeansProjects/StockTakipSystem/src/stocktakipsystem/Category.java</file>
            <file>file:/C:/Users/ercel/OneDrive%20-%20Fatih%20Sultan%20Mehmet%20Vakıf%20Üniversitesi/Belgeler/NetBeansProjects/StockTakipSystem/src/stocktakipsystem/StockTakipSystem.java</file>
            <file>file:/C:/Users/ercel/OneDrive%20-%20Fatih%20Sultan%20Mehmet%20Vakıf%20Üniversitesi/Belgeler/NetBeansProjects/StockTakipSystem/src/stocktakipsystem/Product.java</file>
        </group>
    </open-files>
</project-private>
